{
  "total_downloaded": 0,
  "pdf_downloaded": 0,
  "images_downloaded": 0,
  "downloaded_files": [],
  "start_time": 1770596221.4194176,
  "end_time": 1770596296.9071443,
  "duration_seconds": 75.48772668838501
}