{
  "total_downloaded": 0,
  "pdf_downloaded": 0,
  "images_downloaded": 0,
  "downloaded_files": [],
  "start_time": 1770592295.7979531,
  "end_time": 1770592377.6704955,
  "duration_seconds": 81.87254238128662
}