{
  "total_downloaded": 0,
  "pdf_downloaded": 0,
  "images_downloaded": 0,
  "downloaded_files": [],
  "start_time": 1770592956.8863006,
  "end_time": 1770593038.712376,
  "duration_seconds": 81.82607555389404
}