{
  "total_downloaded": 0,
  "pdf_downloaded": 0,
  "images_downloaded": 0,
  "downloaded_files": [],
  "start_time": 1770592626.6579347,
  "end_time": 1770592708.5790238,
  "duration_seconds": 81.92108917236328
}