{
  "total_downloaded": 0,
  "pdf_downloaded": 0,
  "images_downloaded": 0,
  "downloaded_files": [],
  "start_time": 1770594186.0577376,
  "end_time": 1770594301.2349184,
  "duration_seconds": 115.17718076705933
}