{
  "total_downloaded": 0,
  "pdf_downloaded": 0,
  "images_downloaded": 0,
  "downloaded_files": [],
  "start_time": 1770592791.7489882,
  "end_time": 1770592873.5614328,
  "duration_seconds": 81.81244468688965
}