{
  "total_downloaded": 0,
  "pdf_downloaded": 0,
  "images_downloaded": 0,
  "downloaded_files": [],
  "start_time": 1770596525.372855,
  "end_time": 1770596600.826799,
  "duration_seconds": 75.45394396781921
}