{
  "total_downloaded": 0,
  "pdf_downloaded": 0,
  "images_downloaded": 0,
  "downloaded_files": [],
  "start_time": 1770592874.251945,
  "end_time": 1770592956.078719,
  "duration_seconds": 81.82677388191223
}