{
  "total_downloaded": 0,
  "pdf_downloaded": 0,
  "images_downloaded": 0,
  "downloaded_files": [],
  "start_time": 1770595541.6550772,
  "end_time": 1770595655.4327037,
  "duration_seconds": 113.77762651443481
}