{
  "total_downloaded": 0,
  "pdf_downloaded": 0,
  "images_downloaded": 0,
  "downloaded_files": [],
  "start_time": 1770594069.7790546,
  "end_time": 1770594185.3870144,
  "duration_seconds": 115.60795974731445
}