{
  "total_downloaded": 0,
  "pdf_downloaded": 0,
  "images_downloaded": 0,
  "downloaded_files": [],
  "start_time": 1770592543.8293953,
  "end_time": 1770592626.0057826,
  "duration_seconds": 82.17638731002808
}