{
  "total_downloaded": 0,
  "pdf_downloaded": 0,
  "images_downloaded": 0,
  "downloaded_files": [],
  "start_time": 1770592048.271884,
  "end_time": 1770592130.0698264,
  "duration_seconds": 81.79794239997864
}