{
  "total_downloaded": 0,
  "pdf_downloaded": 0,
  "images_downloaded": 0,
  "downloaded_files": [],
  "start_time": 1770595078.9405704,
  "end_time": 1770595192.9193,
  "duration_seconds": 113.97872972488403
}