{
  "total_downloaded": 0,
  "pdf_downloaded": 0,
  "images_downloaded": 0,
  "downloaded_files": [],
  "start_time": 1770595194.2038734,
  "end_time": 1770595309.2294064,
  "duration_seconds": 115.02553296089172
}