{
  "total_downloaded": 0,
  "pdf_downloaded": 0,
  "images_downloaded": 0,
  "downloaded_files": [],
  "start_time": 1770595426.2026114,
  "end_time": 1770595540.3321514,
  "duration_seconds": 114.12953996658325
}