{
  "total_downloaded": 0,
  "pdf_downloaded": 0,
  "images_downloaded": 0,
  "downloaded_files": [],
  "start_time": 1770592378.3906202,
  "end_time": 1770592460.1848488,
  "duration_seconds": 81.79422855377197
}