{
  "total_downloaded": 0,
  "pdf_downloaded": 0,
  "images_downloaded": 0,
  "downloaded_files": [],
  "start_time": 1770596449.3959737,
  "end_time": 1770596524.8736932,
  "duration_seconds": 75.47771954536438
}