{
  "total_downloaded": 0,
  "pdf_downloaded": 0,
  "images_downloaded": 0,
  "downloaded_files": [],
  "start_time": 1770596601.4211347,
  "end_time": 1770596676.8943577,
  "duration_seconds": 75.47322297096252
}