{
  "total_downloaded": 0,
  "pdf_downloaded": 0,
  "images_downloaded": 0,
  "downloaded_files": [],
  "start_time": 1770594301.9346352,
  "end_time": 1770594420.4793115,
  "duration_seconds": 118.54467630386353
}