{
  "total_downloaded": 0,
  "pdf_downloaded": 0,
  "images_downloaded": 0,
  "downloaded_files": [],
  "start_time": 1770592709.275595,
  "end_time": 1770592791.0812852,
  "duration_seconds": 81.8056902885437
}