{
  "total_downloaded": 0,
  "pdf_downloaded": 0,
  "images_downloaded": 0,
  "downloaded_files": [],
  "start_time": 1770592460.9546938,
  "end_time": 1770592543.155054,
  "duration_seconds": 82.20036029815674
}