{
  "total_downloaded": 0,
  "pdf_downloaded": 0,
  "images_downloaded": 0,
  "downloaded_files": [],
  "start_time": 1770592130.7610185,
  "end_time": 1770592212.6256773,
  "duration_seconds": 81.86465883255005
}