{
  "total_downloaded": 0,
  "pdf_downloaded": 0,
  "images_downloaded": 0,
  "downloaded_files": [],
  "start_time": 1770591883.971978,
  "end_time": 1770591965.8110607,
  "duration_seconds": 81.83908271789551
}