{
  "total_downloaded": 0,
  "pdf_downloaded": 0,
  "images_downloaded": 0,
  "downloaded_files": [],
  "start_time": 1770591966.4859705,
  "end_time": 1770592047.6280098,
  "duration_seconds": 81.14203929901123
}