{
  "total_downloaded": 0,
  "pdf_downloaded": 0,
  "images_downloaded": 0,
  "downloaded_files": [],
  "start_time": 1770596373.381167,
  "end_time": 1770596448.8815625,
  "duration_seconds": 75.50039553642273
}