{
  "total_downloaded": 0,
  "pdf_downloaded": 0,
  "images_downloaded": 0,
  "downloaded_files": [],
  "start_time": 1770592213.292106,
  "end_time": 1770592295.1347985,
  "duration_seconds": 81.84269261360168
}