{
  "total_downloaded": 0,
  "pdf_downloaded": 0,
  "images_downloaded": 0,
  "downloaded_files": [],
  "start_time": 1770595310.47127,
  "end_time": 1770595424.984725,
  "duration_seconds": 114.51345491409302
}